{
  "parents": [
    {
      "link": "../parent",
      "title": "ParentItem"
    }
  ],
  "prev": {
    "link": "./item1",
    "title": "Item1"
  },
  "next": {
    "link": "./item3",
    "title": "Item3"
  },
  "current_page_name": "ParentItem/Item2",
  "meta": {
    "last updated": "date",
    "version": "version",
    "summary": "summary"
  },
  "title": "Item2",
  "body": "<h1>Item2</h1>\n<p>This section contains some text.</p><img alt=\"This is an image\" src=\"./images/image1.webp\" /></img>"
}
