{
  "parents": [
    {
      "link": "../parent",
      "title": "ParentItem"
    }
  ],
  "prev": {
    "link": "./item1",
    "title": "Item1"
  },
  "next": {
    "link": "./item3",
    "title": "Item3"
  },
  "current_page_name": "ParentItem/Item2",
  "meta": {
    "last_updated": "2023-01-04 16:29:27",
    "version": "0.6.42",
    "summary": "Nunc maximus congue mi, at tristique arcu fermentum et. Morbi id massa ut ante sodales placerat eu pretium dui. Suspendisse vitae mi ultricies, placerat leo id, commodo turpis."
  },
  "title": "Item2",
  "body": "<section id=\"top\"> <h1>Item2 Headings &amp; Copy <a href=\"#top\">#</a></h1> <p> Lorem ipsum dolor sit amet, consectetur adipisicing elit, sed do eiusmod tempor incididunt ut labore et dolore magna aliqua. Ut enim ad minim veniam, quis nostrud exercitation ullamco laboris nisi ut aliquip ex ea commodo consequat. Duis aute irure dolor in reprehenderit in voluptate velit esse cillum dolore eu fugiat nulla pariatur. Excepteur sint occaecat cupidatat non proident, sunt in culpa qui officia deserunt mollit anim id est laborum. </p> <h3>Third header h3</h3> <p> At vero eos et accusamus et iusto odio dignissimos ducimus qui blanditiis praesentium voluptatum deleniti atque corrupti quos dolores et quas molestias excepturi sint occaecati cupiditate non provident, similique sunt in culpa qui officia deserunt mollitia animi, id est laborum et dolorum fuga. Et harum quidem rerum facilis est et expedita distinctio. </p> <h4>Fourth header h4</h4> <p> Neque porro quisquam est, qui dolorem ipsum quia dolor sit amet, consectetur, adipisci velit, sed quia non numquam eius modi tempora incidunt ut labore et dolore magnam aliquam quaerat voluptatem. Ut enim ad minima veniam, quis nostrum exercitationem ullam corporis suscipit laboriosam, nisi ut aliquid ex ea commodi consequatur? Quis autem vel eum iure reprehenderit qui in ea voluptate velit esse quam nihil molestiae consequatur, vel illum qui dolorem eum fugiat quo voluptas nulla pariatur?\" </p> <h5>Fifth header h5</h5> <p> Sed ut perspiciatis unde omnis iste natus error sit voluptatem accusantium doloremque laudantium, totam rem aperiam, eaque ipsa quae ab illo inventore veritatis et quasi architecto beatae vitae dicta sunt explicabo. Nemo enim ipsam voluptatem quia voluptas sit aspernatur aut odit aut fugit, sed quia consequuntur magni dolores eos qui ratione voluptatem sequi nesciunt. </p> <h6>Sixth header h6</h6> <p> At vero eos et accusamus et iusto odio dignissimos ducimus qui blanditiis praesentium voluptatum deleniti atque corrupti quos. </p> <section id=\"paragraphs\"> <p><a href=\"#top\">[Top]</a></p> <h2>Paragraphs - Second header h2<a href=\"#paragraphs\">#</a></h2> <p>A paragraph (from the Greek paragraphos, “to write beside” or “written beside”) is a self-contained unit of a discourse in writing dealing with a particular point or idea. A paragraph consists of one or more sentences. Though not required by the syntax of any language, paragraphs are usually an expected part of formal writing, used to organize longer prose.</p> </section> <section id=\"blockquotes\"> <p><a href=\"#top\">[Top]</a></p> <h2>Blockquotes <a href=\"#blockquotes\">#</a></h2> <blockquote> <p>A block quotation (also known as a long quotation or extract) is a quotation in a written document, that is set off from the main text as a paragraph, or block of text.</p> <p>It is typically distinguished visually using indentation and a different typeface or smaller size quotation. It may or may not include a citation, usually placed at the bottom.</p> <cite><a target=\"_blank\" href=\"#!\">- Author name goes here.</a></cite> </blockquote> </section> <section id=\"tabular-data\"> <p><a href=\"#top\">[Top]</a></p> <h2>Tabular Data <a href=\"#tabular-data\">#</a></h2> <table> <caption>Table Caption</caption> <thead> <tr> <th>Table Heading 1</th> <th>Table Heading 2</th> <th>Table Heading 3</th> <th>Table Heading 4</th> <th>Table Heading 5</th> </tr> </thead> <tfoot> <tr> <th>Table Footer 1</th> <th>Table Footer 2</th> <th>Table Footer 3</th> <th>Table Footer 4</th> <th>Table Footer 5</th> </tr> </tfoot> <tbody> <tr> <td>Table Cell 1</td> <td>Table Cell 2</td> <td>Table Cell 3</td> <td>Table Cell 4</td> <td>Table Cell 5</td> </tr> <tr> <td>Table Cell 1</td> <td>Table Cell 2</td> <td>Table Cell 3</td> <td>Table Cell 4</td> <td>Table Cell 5</td> </tr> <tr> <td>Table Cell 1</td> <td>Table Cell 2</td> <td>Table Cell 3</td> <td>Table Cell 4</td> <td>Table Cell 5</td> </tr> <tr> <td>Table Cell 1</td> <td>Table Cell 2</td> <td>Table Cell 3</td> <td>Table Cell 4</td> <td>Table Cell 5</td> </tr> </tbody> </table> </section> <section id=\"code-examples\"> <p><a href=\"#top\">[Top]</a></p> <h2>Code examples <a href=\"#code-examples\">#</a></h2> <div> <p><strong>Keyboard input:</strong> <kbd>Cmd</kbd></p> <p><strong>Inline code:</strong> <code>&lt;div&gt;code&lt;/div&gt;</code></p> <p><strong>Sample output:</strong> <samp>This is sample output from a computer program.</samp></p> <pre><code class=\"language-python\"># Launch the latest installed version of AEDT in graphical mode.\nfrom pyaedt import Hfss\nfrom pyaedt import settings\nsettings.use_grpc_api=True\nhfss = Hfss(machine=\"fullmachinename\", port=portnumber)\n</code></pre> </div> </section> <section id=\"pre-formatted-text\"> <p><a href=\"#top\">[Top]</a></p> <h2>Pre-formatted text <a href=\"#pre-formatted-text\">#</a></h2> <div> <pre>P R E F O R M A T T E D T E X T ! \" # $ % &amp; ' ( ) * + , - . / 0 1 2 3 4 5 6 7 8 9 : ; &lt; = &gt; ? @ A B C D E F G H I J K L M N O P Q R S T U V W X Y Z [ \\ ] ^ _ ` a b c d e f g h i j k l m n o p q r s t u v w x y z { | } ~ </pre> </div> </section> <section id=\"lists\"> <p><a href=\"#top\">[Top]</a></p> <h2>Lists <a href=\"#lists\">#</a></h2> <div> <h3>Definition list</h3> <dl> <dt>Definition List Title</dt> <dd>This is a definition list division.</dd> </dl> </div> <div> <h3>Ordered List</h3> <ol type=\"1\"> <li>List Item 1</li> <li> List Item 2 <ol type=\"A\"> <li>List Item 1</li> <li> List Item 2 <ol type=\"a\"> <li>List Item 1</li> <li> List Item 2 <ol type=\"I\"> <li>List Item 1</li> <li> List Item 2 <ol type=\"i\"> <li>List Item 1</li> <li>List Item 2</li> <li>List Item 3</li> </ol> </li> <li>List Item 3</li> </ol> </li> <li>List Item 3</li> </ol> </li> <li>List Item 3</li> </ol> </li> <li>List Item 3</li> </ol> </div> <div> <h3>Unordered List</h3> <ul> <li>List Item 1</li> <li> List Item 2 <ul> <li>List Item 1</li> <li> List Item 2 <ul> <li>List Item 1</li> <li> List Item 2 <ul> <li>List Item 1</li> <li> List Item 2 <ul> <li>List Item 1</li> <li>List Item 2</li> <li>List Item 3</li> </ul> </li> <li>List Item 3</li> </ul> </li> <li>List Item 3</li> </ul> </li> <li>List Item 3</li> </ul> </li> <li>List Item 3</li> </ul> </div> </section> <section id=\"details\"> <p><a href=\"#top\">[Top]</a></p> <h2>Details / Summary <a href=\"#details\">#</a></h2> <details> <summary>Expand for details</summary> <p>Lorem ipsum dolor sit amet consectetur adipisicing elit. Cum, odio! Odio natus ullam ad quaerat, eaque necessitatibus, aliquid distinctio similique voluptatibus dicta consequuntur animi. Quaerat facilis quidem unde eos! Ipsa.</p> </details> </section> <section id=\"address\"> <p><a href=\"#top\">[Top]</a></p> <h2>Address <a href=\"#address\">#</a></h2> <address> Written by <a href=\"mailto:webmaster@example.com\">Jon Doe</a>.<br> Visit us at:<br> Example.com<br> Box 564, Disneyland<br> USA </address> </section> <section id=\"horizontal-rules\"> <p><a href=\"#top\">[Top]</a></p> <h2>Horizontal rules <a href=\"#horizontal-rules\">#</a></h2> <div> <hr> </div> </section> <section id=\"inline-elements\"> <p><a href=\"#top\">[Top]</a></p> <h2>Inline elements <a href=\"#inline-elements\">#</a></h2> <div> <p><a href=\"#!\" target=\"_blank\">This is a text link</a>.</p> <p><strong>Strong is used to indicate strong importance.</strong></p> <p><em>This text has added emphasis.</em></p> <p>The <b>b element</b> is stylistically different text from normal text, without any special importance.</p> <p>The <i>i element</i> is text that is offset from the normal text.</p> <p>The <u>u element</u> is text with an unarticulated, though explicitly rendered, non-textual annotation.</p> <p> <del>This text is deleted</del> and <ins>This text is inserted</ins> . </p> <p><s>This text has a strikethrough</s>.</p> <p>Superscript<sup>®</sup>.</p> <p>Subscript for things like H<sub>2</sub>O.</p> <p><small>This small text is small for fine print, etc.</small></p> <p>Abbreviation: <abbr title=\"HyperText Markup Language\">HTML</abbr></p> <p><q cite=\"https://developer.mozilla.org/en-US/docs/HTML/Element/q\">This text is a short inline quotation.</q></p> <p><cite>This is a citation.</cite></p> <p>The <dfn>dfn element</dfn> indicates a definition.</p> <p>The <mark>mark element</mark> indicates a highlight. </p> <p>The <var>variable element</var>, such as <var>x</var> = <var>y</var>.</p> <p>The time element: <time datetime=\"2013-04-06T12:32+00:00\">2 weeks ago</time> </p> </div> </section> <section id=\"images\"> <p><a href=\"#top\">[Top]</a></p> <h2>Images Elements <a href=\"#images\">#</a></h2> <div> <h3>Plain <code>&lt;img&gt;</code> element</h3> <img src=\"./images/image1.webp\" alt=\"This is another image\"> </div> <div> <h3><code>&lt;figure&gt;</code> element with <code>&lt;img&gt;</code> and <code>&lt;figcaption&gt;</code> elements </h3> <figure> <img src=\"./images/image2.webp\" alt=\"This is another image\"> <figcaption>Here is a caption for this image.</figcaption> </figure> </div> <div> <h3><code>&lt;figure&gt;</code> element with a <code>&lt;picture&gt;</code> element</h3> <figure> <picture> <source srcset=\"/images/image3.webp\" media=\"(min-width: 800px)\"> <img src=\"./images/image3.webp\" alt=\"This is another image\"> </picture> </figure> </div> </section></section>\n"
}
